id,question
push-up-001,What is a good bodyweight exercise to strengthen my chest and triceps without any equipment?
push-up-001,Can you provide detailed instructions on how to perform a push-up correctly?
push-up-001,"What muscle groups are activated when doing push-ups, and how can they benefit my fitness routine?"
push-up-001,I'm looking to incorporate a compound exercise that targets my shoulders as well; can you suggest one?
push-up-001,How should I position my body and hands when performing a push-up for optimal form?
squat-002,What are some effective bodyweight exercises I can do to strengthen my legs?
squat-002,Can you provide instructions on how to properly perform a bodyweight squat?
squat-002,What muscle groups are activated when doing bodyweight squats?
squat-002,Is there any equipment needed for performing bodyweight squats?
squat-002,Can you explain the correct form and technique for a bodyweight squat?
plank-003,What is the proper technique for performing a plank exercise?
plank-003,Can you explain how to do an isometric core exercise like the plank?
plank-003,What body parts does the plank primarily work on during a workout?
plank-003,Is it necessary to use any equipment for performing a plank exercise?
plank-003,How can I ensure I'm doing a plank correctly to engage my core and avoid injury?
pull-up-004,What are the proper instructions for performing a Pull-Up exercise effectively?
pull-up-004,Which muscle groups are activated when I do Pull-Ups?
pull-up-004,What type of equipment do I need to perform Pull-Ups?
pull-up-004,Can you tell me about the type of exercise Pull-Ups are and which body part they primarily target?
pull-up-004,What is the correct grip width for Pull-Ups to ensure proper form?
dumbbell-bench-press-005,What is the proper technique for performing a dumbbell bench press?
dumbbell-bench-press-005,Can you tell me which muscle groups are targeted when doing a dumbbell bench press?
dumbbell-bench-press-005,What type of equipment do I need for a dumbbell bench press exercise?
dumbbell-bench-press-005,"Is the dumbbell bench press considered a compound exercise, and if so, why?"
dumbbell-bench-press-005,What are the key instructions I should follow to safely perform a dumbbell bench press?
barbell-deadlift-006,What is the proper technique for performing a barbell deadlift to ensure safety and effectiveness?
barbell-deadlift-006,Can you explain the muscle groups that are activated during a barbell deadlift?
barbell-deadlift-006,"What type of equipment do I need to do a barbell deadlift, and is it suitable for full body workouts?"
barbell-deadlift-006,What are the main benefits of including the barbell deadlift in my strength training routine?
barbell-deadlift-006,What are the key steps I should follow to perform a barbell deadlift correctly?
dumbbell-lunge-007,What is the proper way to perform a Dumbbell Reverse Lunge for strengthening my legs?
dumbbell-lunge-007,Can you tell me which muscle groups are activated when doing Dumbbell Reverse Lunges?
dumbbell-lunge-007,What type of equipment do I need for the Dumbbell Reverse Lunge exercise?
dumbbell-lunge-007,"Is the Dumbbell Reverse Lunge a compound exercise, and what are its benefits?"
dumbbell-lunge-007,How do I ensure I’m using the correct form while doing Dumbbell Reverse Lunges?
overhead-press-008,What is the best way to perform a Barbell Overhead Press for shoulder strength?
overhead-press-008,Can you provide instructions for doing a Barbell Overhead Press safely?
overhead-press-008,Which muscle groups are primarily activated when performing the Barbell Overhead Press?
overhead-press-008,What type of equipment do I need for the Barbell Overhead Press exercise?
overhead-press-008,"Is the Barbell Overhead Press a compound exercise, and if so, why?"
bent-over-row-009,What is the Bent-Over Barbell Row exercise and what muscles does it target?
bent-over-row-009,Can you explain how to properly perform the Bent-Over Barbell Row?
bent-over-row-009,Which equipment do I need for the Bent-Over Barbell Row exercise?
bent-over-row-009,"Is the Bent-Over Barbell Row considered a compound exercise, and if so, why?"
bent-over-row-009,What body parts are primarily engaged when doing the Bent-Over Barbell Row?
goblet-squat-010,What is the Goblet Squat exercise and which muscle groups does it target?
goblet-squat-010,Can you provide me with the proper technique for performing a Goblet Squat?
goblet-squat-010,What type of equipment do I need to do a Goblet Squat?
goblet-squat-010,Is the Goblet Squat a full body exercise or does it focus on specific body parts?
goblet-squat-010,What step-by-step instructions should I follow to safely perform a Goblet Squat?
kettlebell-swing-011,What is the proper technique for performing a kettlebell swing to ensure I get the most benefit from the exercise?
kettlebell-swing-011,Can you explain what muscle groups are activated when doing kettlebell swings and how they contribute to a full-body workout?
kettlebell-swing-011,"What kind of exercise is a kettlebell swing classified as, and how does it help in building strength and cardio fitness?"
kettlebell-swing-011,"What equipment do I need for kettlebell swings, and how should I set up my body position before starting the exercise?"
kettlebell-swing-011,Can you provide step-by-step instructions for performing kettlebell swings safely and effectively for beginners?
walking-lunge-012,What are the main muscles targeted when performing walking lunges?
walking-lunge-012,Can you explain the correct form and technique for doing walking lunges?
walking-lunge-012,"Is there any equipment needed for walking lunges, or can they be done with just bodyweight?"
walking-lunge-012,"What kind of exercise is the walking lunge classified as, and what type of activity is it?"
walking-lunge-012,How can I incorporate walking lunges into my leg workout routine effectively?
glute-bridge-013,What is a good isolation exercise that targets the glutes and can be performed without any equipment?
glute-bridge-013,Can you explain how to properly perform a glute bridge for strength training?
glute-bridge-013,I'm looking for exercises to activate my glutes and hamstrings; can you provide some detailed instructions?
glute-bridge-013,Are there any bodyweight exercises I can do to strengthen my core while also targeting my glutes?
glute-bridge-013,"What are the benefits of doing a glute bridge, and how do I ensure I'm doing it correctly?"
romanian-deadlift-014,What is the Romanian Deadlift and which muscles does it target?
romanian-deadlift-014,Can you provide instructions on how to properly perform a Romanian Deadlift with dumbbells?
romanian-deadlift-014,What kind of equipment do I need to do a Romanian Deadlift and what are its benefits?
romanian-deadlift-014,Which body parts are activated while doing a Romanian Deadlift and why is it considered a compound exercise?
romanian-deadlift-014,How should I position my body and the dumbbells during a Romanian Deadlift to ensure proper form?
lat-pulldown-015,What is the proper way to perform a lat pulldown exercise using a cable machine?
lat-pulldown-015,"Which muscle groups are activated when doing a lat pulldown, and how do I ensure I engage them effectively?"
lat-pulldown-015,Can you provide me with a detailed set of instructions for using the lat pulldown machine correctly?
lat-pulldown-015,"What type of equipment do I need to use for the lat pulldown, and what body part does it primarily target?"
lat-pulldown-015,"Is the lat pulldown considered a compound exercise, and how does it benefit my back strength?"
seated-row-016,What is the Seated Cable Row exercise and which muscle groups does it target?
seated-row-016,Can you explain the proper technique for performing a Seated Cable Row?
seated-row-016,What kind of equipment do I need to perform the Seated Cable Row exercise?
seated-row-016,"Is the Seated Cable Row considered a compound exercise, and if so, why?"
seated-row-016,How should I position my body while doing the Seated Cable Row to avoid injury?
leg-press-017,What is the correct way to use a leg press machine for effective leg workouts?
leg-press-017,Can you tell me which muscle groups are targeted when performing a leg press?
leg-press-017,"What type of exercise is the leg press, and what equipment do I need to do it?"
leg-press-017,How should I position my feet and body when using the leg press machine?
leg-press-017,What are the key instructions to follow for safely performing the leg press exercise?
chest-press-machine-018,What is the best way to use the chest press machine for effective strength training?
chest-press-machine-018,Can you provide detailed instructions for performing the chest press exercise correctly?
chest-press-machine-018,Which muscle groups are primarily worked when using the chest press machine?
chest-press-machine-018,How should I adjust the chest press machine for my height to ensure proper form?
chest-press-machine-018,"Is the chest press machine a compound exercise, and what other muscles does it engage besides the chest?"
shoulder-raise-019,What are the steps to properly perform a Dumbbell Lateral Raise for shoulder development?
shoulder-raise-019,Can you explain how to do a Dumbbell Lateral Raise using dumbbells effectively?
shoulder-raise-019,What muscle groups are activated when performing a Dumbbell Lateral Raise?
shoulder-raise-019,What type of exercise is the Dumbbell Lateral Raise and what body part does it target?
shoulder-raise-019,What equipment do I need to perform a Dumbbell Lateral Raise for strength training?
bicep-curl-020,What is the proper technique for performing a Dumbbell Bicep Curl?
bicep-curl-020,Which muscle groups are activated when I do a Dumbbell Bicep Curl?
bicep-curl-020,Can you explain the steps involved in executing a Dumbbell Bicep Curl correctly?
bicep-curl-020,What type of fitness equipment do I need to perform a Dumbbell Bicep Curl?
bicep-curl-020,"Is the Dumbbell Bicep Curl considered an isolation exercise, and why?"
tricep-pushdown-021,What are the proper instructions for performing a Cable Triceps Pushdown exercise?
tricep-pushdown-021,Can you explain how to effectively engage my triceps while doing a Cable Triceps Pushdown?
tricep-pushdown-021,What equipment do I need to perform a Cable Triceps Pushdown exercise?
tricep-pushdown-021,Which muscle groups are primarily targeted when doing a Cable Triceps Pushdown?
tricep-pushdown-021,Is the Cable Triceps Pushdown considered an isolation exercise and how should I position my arms during it?
leg-extension-022,What is the proper way to perform a leg extension on a machine?
leg-extension-022,How does the leg extension exercise target my quadriceps?
leg-extension-022,Can you explain the steps involved in using the leg extension machine?
leg-extension-022,"What body part do leg extensions primarily work on, and how should I position myself?"
leg-extension-022,"What type of exercise is a leg extension, and what equipment do I need to use for it?"
hamstring-curl-023,What is an effective isolation exercise for strengthening my hamstrings?
hamstring-curl-023,Can you explain how to properly perform a lying hamstring curl on a machine?
hamstring-curl-023,What muscles are activated when doing a lying hamstring curl?
hamstring-curl-023,What equipment do I need to perform the lying hamstring curl exercise?
hamstring-curl-023,How should I position my body while using the hamstring curl machine?
calf-raise-024,What are the instructions for performing a Standing Calf Raise using a machine?
calf-raise-024,Can you tell me what muscle groups are activated when doing a Standing Calf Raise?
calf-raise-024,What equipment do I need for the Standing Calf Raise exercise?
calf-raise-024,"Is the Standing Calf Raise an isolation exercise, and if so, what body part does it target?"
calf-raise-024,How do I perform the Standing Calf Raise correctly to ensure I get the best results?
ab-crunch-025,What muscles are targeted when performing a Cable Crunch using a cable machine?
ab-crunch-025,Can you explain the proper technique for doing a Cable Crunch for my core workouts?
ab-crunch-025,What type of equipment do I need to perform the Cable Crunch exercise?
ab-crunch-025,"Is the Cable Crunch considered an isolation exercise, and how does it benefit my abs?"
ab-crunch-025,What steps should I follow to execute a Cable Crunch correctly to avoid using momentum?
mountain-climber-026,What are the instructions for performing a Mountain Climber exercise correctly?
mountain-climber-026,Which muscle groups are activated when I do Mountain Climbers?
mountain-climber-026,"Is Mountain Climber considered a cardio exercise, and what kind of equipment do I need for it?"
mountain-climber-026,Can you tell me what body parts are engaged during the Mountain Climber workout?
mountain-climber-026,How do I maintain proper form while doing Mountain Climbers to ensure safety and effectiveness?
burpee-027,What is the burpee exercise and how is it performed?
burpee-027,Can you explain the key benefits of doing burpees for my workout routine?
burpee-027,What muscle groups are activated when performing burpees?
burpee-027,"Is the burpee exercise considered cardio, strength, or both?"
burpee-027,Do I need any equipment to do burpees effectively?
jumping-jacks-028,What is a good cardio exercise that I can do without any equipment?
jumping-jacks-028,Can you tell me how to perform jumping jacks and what muscles they target?
jumping-jacks-028,What are the primary benefits of including jumping jacks in my workout routine?
jumping-jacks-028,I'm looking for a full-body workout; can you suggest an exercise that works multiple muscle groups?
jumping-jacks-028,How do I properly execute the jumping jacks exercise to maximize my workout effectiveness?
high-knees-029,What is a good bodyweight cardio exercise that works the full body?
high-knees-029,Can you describe the proper technique for performing high knees?
high-knees-029,Which muscle groups are engaged when doing high knees as a workout?
high-knees-029,What type of equipment do I need for the high knees exercise?
high-knees-029,How can I effectively incorporate high knees into my fitness routine?
jump-rope-030,What are the benefits of using a jump rope for a full-body workout?
jump-rope-030,Can you provide instructions on how to properly use a jump rope for cardio exercises?
jump-rope-030,Which muscle groups are primarily activated when jumping rope?
jump-rope-030,What type of exercise is jump rope considered in terms of fitness classification?
jump-rope-030,What equipment do I need to perform jump rope workouts effectively?
box-jump-031,What is a good power exercise that targets the legs and can be done with a box?
box-jump-031,Can you provide me with instructions on how to properly perform a box jump?
box-jump-031,What muscle groups are activated when doing box jumps?
box-jump-031,What type of exercise is a box jump and what equipment do I need for it?
box-jump-031,How do I safely execute a box jump to avoid injuries?
medicine-ball-slam-032,What is a great power exercise that utilizes a medicine ball for a full body workout?
medicine-ball-slam-032,Can you provide detailed instructions on how to perform a medicine ball slam correctly?
medicine-ball-slam-032,What muscle groups are activated when performing a medicine ball slam exercise?
medicine-ball-slam-032,What equipment do I need to do a compound exercise that targets my core and legs?
medicine-ball-slam-032,How should I position my body when executing a medicine ball slam to maximize effectiveness?
farmer-carry-033,What is the Farmer's Carry exercise and what type of strength or conditioning does it focus on?
farmer-carry-033,Can you explain how to properly perform the Farmer's Carry exercise with dumbbells?
farmer-carry-033,"Which muscle groups are activated when doing the Farmer's Carry, and how does it benefit my full body workout?"
farmer-carry-033,"What equipment do I need for the Farmer's Carry, and how should I set up for this exercise?"
farmer-carry-033,What are some key pointers I should keep in mind to maintain proper posture during the Farmer's Carry?
hip-thrust-034,What is the proper way to perform a Barbell Hip Thrust to effectively target my glutes?
hip-thrust-034,Can you explain how to safely execute the Barbell Hip Thrust using a bench and barbell?
hip-thrust-034,What muscle groups are engaged when performing the Barbell Hip Thrust?
hip-thrust-034,What are the key instructions I should follow when doing a Barbell Hip Thrust for strength training?
hip-thrust-034,Could you provide a step-by-step guide on how to set up and perform the Barbell Hip Thrust exercise?
step-up-035,What are the steps to perform a Dumbbell Step-Up correctly?
step-up-035,Which muscles are primarily worked by the Dumbbell Step-Up exercise?
step-up-035,Can you tell me what equipment I need to do a Dumbbell Step-Up?
step-up-035,"Is the Dumbbell Step-Up considered a strength training exercise, and if so, what type is it?"
step-up-035,What body parts are targeted when performing the Dumbbell Step-Up with dumbbells?
incline-push-up-036,What are the instructions for performing an incline push-up effectively?
incline-push-up-036,Can you tell me which muscle groups are worked during an incline push-up?
incline-push-up-036,"What type of exercise is an incline push-up, and what equipment do I need for it?"
incline-push-up-036,"How do I do an incline push-up, and what body parts does it target?"
incline-push-up-036,"Is the incline push-up a compound exercise, and how does it benefit my strength training routine?"
assisted-dip-037,What is the proper technique for doing assisted dips using a dip machine?
assisted-dip-037,Which muscle groups do assisted dips primarily target?
assisted-dip-037,Can you explain how to adjust the machine for assisted dips?
assisted-dip-037,What type of exercise is an assisted dip and which body parts does it work on?
assisted-dip-037,What are the key instructions I should follow for performing assisted dips correctly?
pec-fly-038,What is the correct way to perform a Pec Deck Fly exercise using a machine?
pec-fly-038,Can you explain the main muscle groups targeted by the Pec Deck Fly?
pec-fly-038,What type of equipment do I need to do the Pec Deck Fly exercise?
pec-fly-038,Is the Pec Deck Fly an isolation exercise and which body parts does it focus on?
pec-fly-038,What instructions should I follow to properly execute the Pec Deck Fly for chest development?
face-pull-039,What is the Cable Face Pull exercise and what body parts does it target?
face-pull-039,Can you explain how to perform the Cable Face Pull correctly?
face-pull-039,Which muscles are activated when doing a Cable Face Pull and what type of equipment do I need?
face-pull-039,What are the benefits of incorporating Cable Face Pulls into my shoulder workout routine?
face-pull-039,Is the Cable Face Pull an isolation exercise and what are the proper instructions for executing it?
rear-delt-fly-040,What is the best exercise to target my rear delts and improve shoulder strength?
rear-delt-fly-040,Can you give me step-by-step instructions for performing a Bent-Over Dumbbell Rear Delt Fly?
rear-delt-fly-040,What equipment do I need for the Bent-Over Dumbbell Rear Delt Fly exercise?
rear-delt-fly-040,Which muscle groups are activated when I do the Bent-Over Dumbbell Rear Delt Fly?
rear-delt-fly-040,"Is the Bent-Over Dumbbell Rear Delt Fly an isolation exercise, and how should I perform it safely?"
ab-wheel-041,What is the proper technique for performing an Ab Wheel Rollout to target my core effectively?
ab-wheel-041,Can you explain the muscle groups that are activated when I do the Ab Wheel Rollout exercise?
ab-wheel-041,"What type of equipment do I need to perform the Ab Wheel Rollout, and how should I use it?"
ab-wheel-041,"Is the Ab Wheel Rollout considered a compound exercise, and what does that mean for my workout routine?"
ab-wheel-041,What steps should I follow to ensure that I maintain proper form while doing an Ab Wheel Rollout?
pistol-squat-042,What is a Pistol Squat and how do I perform it correctly?
pistol-squat-042,Can you explain the benefits of doing Pistol Squats for my leg muscles?
pistol-squat-042,What type of equipment do I need to do Pistol Squats effectively?
pistol-squat-042,Which muscle groups are primarily worked when doing Pistol Squats?
pistol-squat-042,"Are Pistol Squats suitable for beginners, or do they require advanced strength and mobility?"
skull-crusher-043,What is the proper technique for performing a Barbell Skull Crusher for triceps development?
skull-crusher-043,Can you explain how to set up for a Barbell Skull Crusher using a barbell?
skull-crusher-043,What muscle groups are activated when doing a Barbell Skull Crusher?
skull-crusher-043,"What type of exercise is a Barbell Skull Crusher, and how does it target the arms?"
skull-crusher-043,What are the key instructions to follow when doing a Barbell Skull Crusher to ensure safe execution?
incline-dumbbell-curl-044,What is the proper technique for performing an Incline Dumbbell Curl?
incline-dumbbell-curl-044,Which muscle groups are activated when doing an Incline Dumbbell Curl?
incline-dumbbell-curl-044,What type of equipment do I need for an Incline Dumbbell Curl?
incline-dumbbell-curl-044,Can you explain how to do an Isolation exercise like the Incline Dumbbell Curl?
incline-dumbbell-curl-044,What are some tips to ensure I’m doing the Incline Dumbbell Curl correctly without using momentum?
seated-shoulder-press-045,What is the proper way to use the Seated Shoulder Press Machine for shoulder workouts?
seated-shoulder-press-045,Which muscle groups are activated when performing a Seated Shoulder Press?
seated-shoulder-press-045,Can you provide step-by-step instructions for using the Seated Shoulder Press Machine effectively?
seated-shoulder-press-045,"Is the Seated Shoulder Press Machine considered a compound exercise, and if so, why?"
seated-shoulder-press-045,What adjustments should I make on the Seated Shoulder Press Machine to ensure I'm working my shoulders correctly?
back-extension-046,What is the correct way to perform a back extension exercise on a bench?
back-extension-046,Which muscle groups are activated when doing back extensions?
back-extension-046,What type of exercise is a back extension and what equipment do I need for it?
back-extension-046,Can you explain how to set up and perform a back extension on a back extension bench?
back-extension-046,What precautions should I take to avoid injury while doing back extensions?
sled-push-047,What are the key muscle groups activated when performing a sled push exercise?
sled-push-047,Can you give me instructions on how to perform a sled push properly?
sled-push-047,What type of equipment do I need to do a sled push workout?
sled-push-047,Is the sled push considered a strength training or conditioning exercise?
sled-push-047,How should I position my body and hands when pushing the sled for the best results?
renegade-row-048,What is the proper way to perform a Renegade Row exercise?
renegade-row-048,Which muscle groups are activated when doing the Renegade Row?
renegade-row-048,What type of equipment do I need for the Renegade Row exercise?
renegade-row-048,"Is the Renegade Row considered a compound exercise, and why?"
renegade-row-048,What body parts does the Renegade Row specifically target during the workout?
wall-sit-049,What are some effective bodyweight exercises I can do to strengthen my legs?
wall-sit-049,How can I perform a wall sit correctly and what muscles does it target?
wall-sit-049,Can you provide detailed instructions for doing a wall sit as a part of my strength training routine?
wall-sit-049,What is the primary focus of a wall sit and how does it benefit my legs and core?
wall-sit-049,Are there any specific tips I should keep in mind while performing a wall sit to ensure proper form?
rowing-machine-050,What are the benefits of using a rowing machine for a full-body workout?
rowing-machine-050,Can you explain the proper technique for using a rowing machine?
rowing-machine-050,What muscle groups are activated when using a rowing machine?
rowing-machine-050,How does rowing compare to other cardio workouts in terms of effectiveness?
rowing-machine-050,What type of fitness equipment would you recommend for a compound exercise targeting the legs and back?
